<?xml version="1.0" encoding="UTF-8"?>
<project-private xmlns="http://www.netbeans.org/ns/project-private/1">
    <editor-bookmarks xmlns="http://www.netbeans.org/ns/editor-bookmarks/2" lastBookmarkId="0"/>
    <open-files xmlns="http://www.netbeans.org/ns/projectui-open-files/2">
        <group>
            <file>file:/C:/Users/QX/Desktop/Parterre/src/parterre/Main.java</file>
            <file>file:/C:/Users/QX/Desktop/Parterre/src/parterre/SurfaceView.java</file>
            <file>file:/C:/Users/QX/Desktop/Parterre/src/parterre/Flower.java</file>
            <file>file:/C:/Users/QX/Desktop/Parterre/src/parterre/Parterre.java</file>
            <file>file:/C:/Users/QX/Desktop/Parterre/src/parterre/FileUtil.java</file>
            <file>file:/C:/Users/QX/Desktop/Parterre/src/parterre/Constant.java</file>
        </group>
    </open-files>
</project-private>
